{
  "llm-001": {
    "metadata": {
      "name": "llm-001",
      "namespace": "default"
    },
    "spec": {
      "predictor": {
        "model": {
          "modelName": "model-1",
          "runtime": "openvino",
          "storageUri": "s3://models/model-1"
        }
      }
    },
    "status": {
      "conditions": [
        {
          "type": "Ready",
          "status": "True",
          "message": "All systems go"
        },
        {
          "type": "PredictorReady",
          "status": "True",
          "message": "Predictor loaded"
        }
      ]
    }
  },
  "llm-002": {
    "metadata": {
      "name": "llm-002",
      "namespace": "default"
    },
    "spec": {
      "predictor": {
        "model": {
          "modelName": "model-2",
          "runtime": "triton",
          "storageUri": "s3://models/model-2"
        }
      }
    },
    "status": {
      "conditions": [
        {
          "type": "Ready",
          "status": "True",
          "message": "All systems go"
        },
        {
          "type": "PredictorReady",
          "status": "True",
          "message": "Predictor loaded"
        }
      ]
    }
  },
  "llm-003": {
    "metadata": {
      "name": "llm-003",
      "namespace": "default"
    },
    "spec": {
      "predictor": {
        "model": {
          "modelName": "model-3",
          "runtime": "openvino",
          "storageUri": "s3://models/model-3"
        }
      }
    },
    "status": {
      "conditions": [
        {
          "type": "Ready",
          "status": "True",
          "message": "All systems go"
        },
        {
          "type": "PredictorReady",
          "status": "True",
          "message": "Predictor loaded"
        }
      ]
    }
  },
  "llm-004": {
    "metadata": {
      "name": "llm-004",
      "namespace": "default"
    },
    "spec": {
      "predictor": {
        "model": {
          "modelName": "model-4",
          "runtime": "triton",
          "storageUri": "s3://models/model-4"
        }
      }
    },
    "status": {
      "conditions": [
        {
          "type": "Ready",
          "status": "True",
          "message": "All systems go"
        },
        {
          "type": "PredictorReady",
          "status": "False",
          "message": "Runtime init error"
        }
      ]
    }
  },
  "llm-005": {
    "metadata": {
      "name": "llm-005",
      "namespace": "default"
    },
    "spec": {
      "predictor": {
        "model": {
          "modelName": "model-5",
          "runtime": "openvino",
          "storageUri": "s3://models/model-5"
        }
      }
    },
    "status": {
      "conditions": [
        {
          "type": "Ready",
          "status": "True",
          "message": "All systems go"
        },
        {
          "type": "PredictorReady",
          "status": "True",
          "message": "Predictor loaded"
        }
      ]
    }
  },
  "llm-006": {
    "metadata": {
      "name": "llm-006",
      "namespace": "default"
    },
    "spec": {
      "predictor": {
        "model": {
          "modelName": "model-6",
          "runtime": "triton",
          "storageUri": "s3://models/model-6"
        }
      }
    },
    "status": {
      "conditions": [
        {
          "type": "Ready",
          "status": "True",
          "message": "All systems go"
        },
        {
          "type": "PredictorReady",
          "status": "True",
          "message": "Predictor loaded"
        }
      ]
    }
  },
  "llm-007": {
    "metadata": {
      "name": "llm-007",
      "namespace": "default"
    },
    "spec": {
      "predictor": {
        "model": {
          "modelName": "model-7",
          "runtime": "openvino",
          "storageUri": "s3://models/model-7"
        }
      }
    },
    "status": {
      "conditions": [
        {
          "type": "Ready",
          "status": "True",
          "message": "All systems go"
        },
        {
          "type": "PredictorReady",
          "status": "True",
          "message": "Predictor loaded"
        }
      ]
    }
  },
  "llm-008": {
    "metadata": {
      "name": "llm-008",
      "namespace": "default"
    },
    "spec": {
      "predictor": {
        "model": {
          "modelName": "model-8",
          "runtime": "triton",
          "storageUri": "s3://models/model-8"
        }
      }
    },
    "status": {
      "conditions": [
        {
          "type": "Ready",
          "status": "True",
          "message": "All systems go"
        },
        {
          "type": "PredictorReady",
          "status": "False",
          "message": "Runtime init error"
        }
      ]
    }
  },
  "llm-009": {
    "metadata": {
      "name": "llm-009",
      "namespace": "default"
    },
    "spec": {
      "predictor": {
        "model": {
          "modelName": "model-9",
          "runtime": "openvino",
          "storageUri": "s3://models/model-9"
        }
      }
    },
    "status": {
      "conditions": [
        {
          "type": "Ready",
          "status": "True",
          "message": "All systems go"
        },
        {
          "type": "PredictorReady",
          "status": "True",
          "message": "Predictor loaded"
        }
      ]
    }
  },
  "llm-010": {
    "metadata": {
      "name": "llm-010",
      "namespace": "default"
    },
    "spec": {
      "predictor": {
        "model": {
          "modelName": "model-10",
          "runtime": "triton",
          "storageUri": "s3://models/model-10"
        }
      }
    },
    "status": {
      "conditions": [
        {
          "type": "Ready",
          "status": "True",
          "message": "All systems go"
        },
        {
          "type": "PredictorReady",
          "status": "True",
          "message": "Predictor loaded"
        }
      ]
    }
  },
  "llm-011": {
    "metadata": {
      "name": "llm-011",
      "namespace": "default"
    },
    "spec": {
      "predictor": {
        "model": {
          "modelName": "model-11",
          "runtime": "openvino",
          "storageUri": "s3://models/model-11"
        }
      }
    },
    "status": {
      "conditions": [
        {
          "type": "Ready",
          "status": "True",
          "message": "All systems go"
        },
        {
          "type": "PredictorReady",
          "status": "True",
          "message": "Predictor loaded"
        }
      ]
    }
  },
  "llm-012": {
    "metadata": {
      "name": "llm-012",
      "namespace": "default"
    },
    "spec": {
      "predictor": {
        "model": {
          "modelName": "model-12",
          "runtime": "triton",
          "storageUri": "s3://models/model-12"
        }
      }
    },
    "status": {
      "conditions": [
        {
          "type": "Ready",
          "status": "True",
          "message": "All systems go"
        },
        {
          "type": "PredictorReady",
          "status": "False",
          "message": "Runtime init error"
        }
      ]
    }
  },
  "llm-013": {
    "metadata": {
      "name": "llm-013",
      "namespace": "default"
    },
    "spec": {
      "predictor": {
        "model": {
          "modelName": "model-13",
          "runtime": "openvino",
          "storageUri": "s3://models/model-13"
        }
      }
    },
    "status": {
      "conditions": [
        {
          "type": "Ready",
          "status": "True",
          "message": "All systems go"
        },
        {
          "type": "PredictorReady",
          "status": "True",
          "message": "Predictor loaded"
        }
      ]
    }
  },
  "llm-014": {
    "metadata": {
      "name": "llm-014",
      "namespace": "default"
    },
    "spec": {
      "predictor": {
        "model": {
          "modelName": "model-14",
          "runtime": "triton",
          "storageUri": "s3://models/model-14"
        }
      }
    },
    "status": {
      "conditions": [
        {
          "type": "Ready",
          "status": "True",
          "message": "All systems go"
        },
        {
          "type": "PredictorReady",
          "status": "True",
          "message": "Predictor loaded"
        }
      ]
    }
  },
  "llm-015": {
    "metadata": {
      "name": "llm-015",
      "namespace": "default"
    },
    "spec": {
      "predictor": {
        "model": {
          "modelName": "model-15",
          "runtime": "openvino",
          "storageUri": "s3://models/model-15"
        }
      }
    },
    "status": {
      "conditions": [
        {
          "type": "Ready",
          "status": "True",
          "message": "All systems go"
        },
        {
          "type": "PredictorReady",
          "status": "True",
          "message": "Predictor loaded"
        }
      ]
    }
  },
  "llm-016": {
    "metadata": {
      "name": "llm-016",
      "namespace": "default"
    },
    "spec": {
      "predictor": {
        "model": {
          "modelName": "model-16",
          "runtime": "triton",
          "storageUri": "s3://models/model-16"
        }
      }
    },
    "status": {
      "conditions": [
        {
          "type": "Ready",
          "status": "True",
          "message": "All systems go"
        },
        {
          "type": "PredictorReady",
          "status": "False",
          "message": "Runtime init error"
        }
      ]
    }
  },
  "llm-017": {
    "metadata": {
      "name": "llm-017",
      "namespace": "default"
    },
    "spec": {
      "predictor": {
        "model": {
          "modelName": "model-17",
          "runtime": "openvino",
          "storageUri": "s3://models/model-17"
        }
      }
    },
    "status": {
      "conditions": [
        {
          "type": "Ready",
          "status": "True",
          "message": "All systems go"
        },
        {
          "type": "PredictorReady",
          "status": "True",
          "message": "Predictor loaded"
        }
      ]
    }
  },
  "llm-018": {
    "metadata": {
      "name": "llm-018",
      "namespace": "default"
    },
    "spec": {
      "predictor": {
        "model": {
          "modelName": "model-18",
          "runtime": "triton",
          "storageUri": "s3://models/model-18"
        }
      }
    },
    "status": {
      "conditions": [
        {
          "type": "Ready",
          "status": "True",
          "message": "All systems go"
        },
        {
          "type": "PredictorReady",
          "status": "True",
          "message": "Predictor loaded"
        }
      ]
    }
  },
  "llm-019": {
    "metadata": {
      "name": "llm-019",
      "namespace": "default"
    },
    "spec": {
      "predictor": {
        "model": {
          "modelName": "model-19",
          "runtime": "openvino",
          "storageUri": "s3://models/model-19"
        }
      }
    },
    "status": {
      "conditions": [
        {
          "type": "Ready",
          "status": "True",
          "message": "All systems go"
        },
        {
          "type": "PredictorReady",
          "status": "True",
          "message": "Predictor loaded"
        }
      ]
    }
  },
  "llm-020": {
    "metadata": {
      "name": "llm-020",
      "namespace": "default"
    },
    "spec": {
      "predictor": {
        "model": {
          "modelName": "model-20",
          "runtime": "triton",
          "storageUri": "s3://models/model-20"
        }
      }
    },
    "status": {
      "conditions": [
        {
          "type": "Ready",
          "status": "True",
          "message": "All systems go"
        },
        {
          "type": "PredictorReady",
          "status": "False",
          "message": "Runtime init error"
        }
      ]
    }
  }
}