{
  "metadata": {
    "name": "bert-base-cased",
    "namespace": "default"
  },
  "spec": {
    "predictor": {
      "model": {
        "modelName": "model-5",
        "runtime": "openvino",
        "storageUri": "s3://models/model-5"
      }
    }
  },
  "status": {
    "conditions": [
      {
        "type": "Ready",
        "status": "True",
        "message": "All systems go"
      },
      {
        "type": "PredictorReady",
        "status": "True",
        "message": "Predictor loaded"
      }
    ]
  }
}