{
  "metadata": {
    "name": "facebook/mbart-large-50",
    "namespace": "default"
  },
  "spec": {
    "predictor": {
      "model": {
        "modelName": "model-12",
        "runtime": "triton",
        "storageUri": "s3://models/model-12"
      }
    }
  },
  "status": {
    "conditions": [
      {
        "type": "Ready",
        "status": "False",
        "message": "Model failed to load"
      },
      {
        "type": "PredictorReady",
        "status": "False",
        "message": "Runtime init error"
      }
    ]
  }
}