{
  "metadata": {
    "name": "stabilityai/stablelm-3b-4e1t",
    "namespace": "default"
  },
  "spec": {
    "predictor": {
      "model": {
        "modelName": "model-18",
        "runtime": "triton",
        "storageUri": "s3://models/model-18"
      }
    }
  },
  "status": {
    "conditions": [
      {
        "type": "Ready",
        "status": "True",
        "message": "All systems go"
      },
      {
        "type": "PredictorReady",
        "status": "True",
        "message": "Predictor loaded"
      }
    ]
  }
}