{
  "metadata": {
    "name": "TinyLlama/TinyLlama-1.1B-Chat-v1.0",
    "namespace": "default"
  },
  "spec": {
    "predictor": {
      "model": {
        "modelName": "model-20",
        "runtime": "triton",
        "storageUri": "s3://models/model-20"
      }
    }
  },
  "status": {
    "conditions": [
      {
        "type": "Ready",
        "status": "False",
        "message": "Model failed to load"
      },
      {
        "type": "PredictorReady",
        "status": "False",
        "message": "Runtime init error"
      }
    ]
  }
}